Depth1,Age1,TC [%],TOC [%],TIC%,TN [%],δ13C Corg [‰ PDB],δ15N Corg [‰ PDB],Terr [%],CaCO3%,,Depth2,Age2,Ill cryst [d2Theta],Ill [%],Chl [%],Kln [%],,Depth3,Age3,Al,Si,S,Cl,K,Ca,Ti,Mn,Fe,Ni,Zn,Br,Zr,Sr,sorting,skewness,kurtosis,mean(um),Median(um),Clay,Silt,10-63um,TC%2,TN%2,TOC%2,TIC%2,TON%2,CaCO3(%)2,TOC/TN2,TS%,S/C
3.5,3.416,0.76,0.46,0.3,0.08,-22.17,4.42,77.44,2.5,,3.5,3.416,0.1,51.23,32.78,0,,5.5,3.43,6209.5,58462.5,1140.5,22748,50210,13774,16493,8126.5,169014,200.5,236,366,2980.5,1677.5,1.07,0.01,0.96,9.38,9.38,13.4,86.6,42.68813429,0.46,0.09,0.28,0.18,0.09,1.52,4.28,0.06,0.14
10.5,3.485,0.73,0.38,0.35,0.07,-22.39,5.1,85.4,2.92,,33.5,4.366,0.12,50.8,35.74,0,,7.5,3.45,6010.5,57350.5,987.5,19226,46760.5,22414.5,15102.5,9560.5,158413.5,184.5,209.5,258.5,4005.5,1655,0.95,0.05,0.86,7.08,7.18,21.4,78.6,28.81609628,0.69,0.08,0.41,0.28,0.08,2.33,6.01,0.04,0.06
15.5,3.535,1.18,0.45,0.73,0.07,-22.03,4.74,72.44,6.08,,64.5,4.651,0.13,42.08,34.53,5.75,,9.5,3.47,5191,50031.5,792,17556.5,41832.5,21728,13618,4056,151114.5,197.5,203.5,325.5,2973,1866,1.02,-0.03,0.85,6.36,6.23,28,72,25.02251588,0.64,0.08,0.27,0.37,0.05,3.09,4.13,0.04,0.06
23.5,4.264,0.74,0.37,0.37,0.07,-22.14,4.76,76.28,3.08,,75.5,5.464,0.08,50.13,30.99,5.06,,13.5,3.51,4106,43139,1038,23107,37471,26163,12382,4013,156294,176,167,330,3617,1663,1.02,0.04,0.84,7.49,7.58,20.9,79.1,33.08493221,0.66,0.08,0.42,0.24,0.08,2.02,6.41,0.04,0.06
33.5,4.366,0.91,0.43,0.48,0.08,-22.08,4.6,74.21,4,,194.5,7.7215,0.08,47.13,27.56,7.28,,17,3.58,5587,53937,1237,23298,45753,57512,15249,6138,150612,217,190,413,3175,2500,0.98,-0.03,0.86,6.25,6.13,27.7,72.3,23.15463613,1.15,0.09,0.5,0.65,0.08,5.44,6.81,0.04,0.03
43.5,4.431,1.03,0.39,0.64,0.08,-21.99,4.98,71.12,5.33,,224.5,8.526,0.12,43.49,25.97,12.37,,19,3.64,5312,51690,1066,21175,41995,47567,14296,4462,136749,249,217,349,2837,2255,0.99,-0.01,0.85,6.6,6.52,25.6,74.4,26.02967808,1.14,0.08,0.42,0.72,0.07,6.01,6.28,0.04,0.03
53.5,4.5255,1.09,0.42,0.67,0.07,-22.1,4.91,74.85,5.58,,233.5,8.982,0.12,42.41,31.65,15.18,,21,3.7,4431,44109,1230,25913,41767,28141,14064,4010,148131,195,215,432,2532,1895,1,-0.02,0.85,6.37,6.26,27.3,72.7,24.5488951,0.65,0.08,0.48,0.17,0.09,1.43,7.35,0.05,0.08
65.5,4.6765,0.97,0.4,0.57,0.07,-22.16,4.64,77.2,4.75,,244.5,9.7715,0.1,43.78,27.92,10.46,,25.4,3.83,4495,45558.5,1019,21371.5,38942.5,30720,12790.5,4033.5,163498,214,179.5,306.5,3076,1925.5,0.97,0.04,0.85,7.11,7.19,21.6,78.4,29.41251878,0.73,0.07,0.33,0.41,0.08,3.39,5.31,0.04,0.06
75.5,5.464,1.15,0.39,0.76,0.08,-22.35,5.11,84.05,6.33,,273.5,10.698,0.12,45.86,28.7,11.87,,30,3.98,5046,48779,1061,23914,41180,48819,13943,4546,137210,168,200,273,3986,1881,0.99,0.04,0.84,7.47,7.54,20.2,79.8,32.35011899,1.17,0.08,0.38,0.79,0.07,6.56,5.89,0.06,0.05
82.5,5.887,1.24,0.39,0.85,0.08,-21.88,5,67.16,7.08,,280.5,10.799,0.12,39.98,28.63,10.7,,32.5,4.06,5243.5,50879,1145,23479,44065.5,36435,14698.5,4492.5,156960,187.5,183,303.5,2555.5,1693,1.01,0.07,0.84,7.26,7.43,21.9,78.1,31.76541828,0.84,0.08,0.31,0.53,0.06,4.43,4.78,0.05,0.07
93.5,6.272,0.92,0.38,0.54,0.07,-22.15,5.11,76.76,4.5,,290.5,10.9635,0.12,42.08,26.86,11.39,,35.5,4.09,5302,50494.5,1146,22705,43803.5,45595,13979,3998,162523,205.5,190.5,350.5,3275.5,2080.5,1.01,-0.07,0.88,5.56,5.39,34.3,65.7,18.9630974,0.98,0.08,0.33,0.66,0.07,5.47,4.89,0.05,0.06
103.5,6.51,1,0.39,0.61,0.07,-22.49,4.57,89.01,5.08,,303.5,11.1445,0.13,44.24,24.42,14.11,,39,4.27,6060,57458,951,21441,47405,35281,15578,4466,169486,218,224,381,1966,2096,1.01,0.01,0.84,7.31,7.31,21.6,78.4,31.45264492,0.83,0.07,0.39,0.44,0.07,3.65,6.33,0.05,0.06
114.5,6.7145,0.98,0.36,0.62,0.07,-22.54,4.98,90.87,5.17,,310.5,11.2315,0.15,44.22,25.99,12.2,,42.7,4.38,5962,56083,1068,23367,46507,56716,14740,6048,159315,207,218,295,3235,2482,1,0.01,0.85,6.42,6.41,26.8,73.2,24.99453103,1.01,0.08,0.4,0.61,0.07,5.07,6.13,0.06,0.05
120.5,6.794,0.89,0.33,0.56,0.07,-22.24,4.76,79.97,4.67,,337.5,11.593,0.1,42.58,29.8,9.16,,45.5,4.47,5215,51785.5,1185.5,26073,43805,45954.5,15005,4191,166657.5,229,195,345,3208.5,2169,1,-0.07,0.88,5.24,5.08,37.3,62.7,16.7493621,0.93,0.07,0.41,0.52,0.07,4.3,6.56,0.06,0.06
133.5,6.968,1.08,0.41,0.67,0.08,-22.29,5.27,81.82,5.58,,366.5,12.5825,0.15,46.23,25.22,13,,49.2,4.58,5405,52872,998,24482,44685,43447,14897,3923,164717,226,206,383,2222,2277,1.03,0.05,0.85,8.22,8.39,17.4,82.6,37.7917497,0.9,0.07,0.41,0.49,0.07,4.08,6.45,0.05,0.05
145.5,7.086,1.25,0.39,0.86,0.07,-22.24,5.33,80.06,7.17,,380.5,13.2955,0.13,43.7,28.1,9.14,,52.5,4.69,5411.5,51812.5,991.5,22717.5,43360.5,53102.5,14619,3927.5,155104.5,198,184.5,308,3401.5,2058,1.05,-0.03,0.83,5.96,5.84,31.8,68.2,23.074381,1.09,0.08,0.34,0.75,0.06,6.22,5.15,0.04,0.04
156.5,7.211,1.03,0.4,0.63,0.08,-22.19,5.1,78.39,5.25,,390.5,13.3365,0.12,46.45,25.88,10.13,,60,4.92,5755,54317,966,21354,44767,62267,13967,4055,154452,202,204,294,3065,2538,1.02,-0.05,0.86,5.68,5.54,33.5,66.5,20.3520593,1.13,0.07,0.31,0.82,0.06,6.82,5.28,0.04,0.03
165.5,7.3155,1.07,0.42,0.65,0.07,-22.16,5.31,77.05,5.42,,410.5,13.4095,0.13,44.36,25.88,11.44,,74,5.35,5771,57372,887,20789,45336,46999,14531,6000,177020,174,185,279,3669,1926,1.01,-0.06,0.87,5.59,5.44,34.1,65.9,19.36263367,0.79,0.07,0.36,0.42,0.09,3.52,6.06,0.04,0.05
175.5,7.453,0.96,0.49,0.47,0.08,-22.23,5.06,79.68,3.92,,430.5,13.4655,0.15,42.13,22.03,12.42,,88,5.67,6692,62172,1095,21042,47856,46381,15944,4890,157908,208,197,284,4121,1716,1.02,-0.1,0.89,4.81,4.6,42.6,57.4,14.6306457,1.14,0.07,0.42,0.72,0.06,5.99,7.35,0.04,0.04
183.5,7.557,1.85,0.52,1.33,0.08,-22.01,5.18,71.77,11.08,,440.5,13.4915,0.13,42.25,26.75,10.37,,97.3,5.87,5918,57372,865.5,21524,45023,48904.5,14808.5,5242.5,177227.5,194.5,217.5,313,2908.5,2254,1.03,-0.04,0.85,6.27,6.11,28.9,71.1,24.58466755,0.78,0.09,0.51,0.27,0.07,2.23,6.64,0.05,0.06
194.5,7.7215,1.3,0.43,0.87,0.08,-22.35,5.17,83.86,7.25,,453.5,13.525,0.12,43.85,24.65,11.25,,110.7,6.18,7482,70865,819,18053,48688,76935,15805,6459,147792,203,210,382,2047,2777,1.04,-0.02,0.84,6.1,6,30.5,69.5,23.95050078,1.18,0.09,0.56,0.63,0.07,5.21,6.9,0.04,0.03
204.5,7.895,1.68,0.45,1.23,0.09,-22.12,5.17,75.86,10.25,,470.5,13.563,0.17,41.62,25.63,11.05,,119.5,6.39,6946,64782,877,21229,48237,70958,15948,9608,174062,199,202,352,2932,2803,1.03,0.02,0.84,6.88,6.9,24.7,75.3,29.2454975,0.97,0.08,0.37,0.6,0.06,5,5.21,0.03,0.03
213.5,8.118,1.53,0.47,1.06,0.08,-22.19,5.33,78.13,8.83,,490.5,13.6185,0.08,42.9,28.39,8.19,,130.8,6.65,7177.5,66869.5,706.5,20364,50016.5,59183.5,16149,5905.5,174339.5,207.5,214.5,292.5,2936.5,2194.5,1.05,0.01,0.83,6.46,6.47,27.8,72.2,26.83044619,0.98,0.09,0.34,0.64,0.06,5.33,4.35,0.04,0.04
224.5,8.526,1.22,0.4,0.82,0.06,-22.01,5.27,71.84,6.83,,520.5,13.703,0.13,37.45,24.48,14.51,,136.8,6.79,6671.5,63914.5,936,22264,48294.5,48977.5,15919.5,4662.5,185592.5,232,209,370,2803,2242,0.95,-0.02,0.87,6.33,6.25,26.3,73.7,22.81577832,1.06,0.1,0.43,0.62,0.07,5.21,5.21,0.04,0.04
233.5,8.982,1.67,0.45,1.22,0.14,-21.81,5.47,64.77,10.17,,528.5,13.729,0.13,44.72,27.06,9.09,,142.8,6.93,5953,57578.5,845.5,19341,39980,95572,13705,4855.5,136205,213.5,157.5,279.5,3690.5,2959,1.07,0.01,0.83,7.03,7.01,24.8,75.2,30.883511,1.37,0.08,0.38,0.99,0.05,8.26,5.74,0.03,0.02
244.5,9.7715,0.77,0.51,0.26,0.07,-21.53,5.25,54.61,2.17,,542.5,13.777,0.1,41.63,29.71,8.33,,154.5,7.19,7276.5,66646,683.5,17036,46088.5,63265.5,14983.5,5297.5,151574.5,215.5,212,294.5,3124,2568.5,1.03,-0.04,0.85,5.82,5.67,32.5,67.5,21.43116395,1.28,0.08,0.43,0.85,0.07,7.08,5.91,0.04,0.03
254.5,10.1765,1.37,0.57,0.8,0.1,-21.86,5.17,66.38,6.67,,569.5,14.1055,0.13,39.63,27.32,12.17,,161,7.34,6106,58063,657,18594,41780,61685,14328,4521,152229,170,198,198,3649,1814,0.98,-0.11,0.9,4.64,4.45,43.8,56.2,12.3607846,1.01,0.09,0.41,0.6,0.07,5.02,5.4,0.04,0.04
264.5,10.4785,1.49,0.51,0.98,0.07,-21.85,5.13,66.1,8.17,,601.5,14.4285,0.13,42.96,25.96,15.15,,167.8,7.5,4348,42524,443,13176,33429,47221,11212,4177,124695,184,159,248,2934,2069,1.03,-0.06,0.85,6.06,5.87,30.8,69.2,23.27101524,0.91,0.09,0.36,0.56,0.07,4.64,4.83,0.03,0.03
273.5,10.698,1.45,0.47,0.98,0.07,-21.8,4.98,64.44,8.17,,660.5,14.8355,0.1,45.68,28.2,7.9,,180.2,7.77,5265,52257,832,22260,40364,72381,13117,4352,160856,149,166,238,3814,2032,0.99,-0.02,0.85,6.2,6.1,28.5,71.5,23.26796008,1.4,0.1,0.41,0.98,0.08,8.18,4.93,0.03,0.02
280.5,10.799,1.58,0.49,1.09,0.06,-21.96,5.17,69.92,9.08,,790.5,15.7205,0.12,39.68,28.64,8.1,,190.7,8.03,6783,61273,836,16780,44190,73737,14278,4409,152961,194,202,187,3856,2002,0.98,-0.08,0.89,5.5,5.31,34.5,65.5,17.8992101,1.35,0.09,0.67,0.68,0.1,5.67,8.24,0.04,0.03
290.5,10.9635,1.8,0.5,1.3,0.07,-21.71,5.48,61.08,10.83,,833.5,16.082,0.17,43.27,26.96,12.72,,207.5,8.4,4234,45528,942,18224,29178,145851,10846,5341,110080,220,151,308,980,3543,1.05,-0.02,0.83,6.17,6.07,30.1,69.9,24.6327572,1.97,0.07,0.47,1.5,0.06,12.46,7.37,0.07,0.04
298.5,11.0725,1.72,0.49,1.23,0.07,-21.63,5.15,58.34,10.25,,853.5,16.328,0.13,39.23,29.53,9.88,,216.3,8.61,6553,60166,770,16410,42786,88484,14351,6486,145269,179,190,364,2208,3090,1.03,-0.05,0.85,5.57,5.43,34.7,65.3,19.8852446,1.64,0.09,0.48,1.17,0.07,9.73,6.03,0.08,0.05
303.5,11.1445,1.79,0.56,1.23,0.08,-22.2,4.94,78.74,10.25,,898.5,16.8235,0.15,40.05,25.7,10.26,,219.2,8.67,6658,61755,657,17070,44137,56424,14629,6503,157530,230,206,330,2159,2479,1.05,-0.07,0.85,5.06,4.89,40.1,59.9,17.1133656,1.17,0.09,0.53,0.65,0.07,5.4,6.76,0.05,0.04
310.5,11.2315,1.75,0.47,1.28,0.06,-21.94,4.93,69.32,10.67,,1000.5,17.4765,0.13,44.25,26.62,9.55,,221.8,8.74,7137,63857,576,15640,46060,69926,14970,6864,150427,209,243,282,1385,2524,1.06,-0.07,0.84,5.56,5.34,35.8,64.2,20.6843781,1.36,0.09,0.54,0.82,0.08,6.86,6.95,0.04,0.03
320.5,11.338,1.73,0.48,1.25,0.07,-21.59,5.29,56.8,10.42,,1048.5,17.7435,0.13,37.6,27.98,12.5,,229.3,8.91,4739,49015,609,17206,36925,21149,12925,6287,166543,215,202,403,1606,1614,1.29,-0.01,0.86,10.26,10.05,16.1,83.9,47.12278761,0.58,0.09,0.46,0.12,0.07,0.97,5.94,0.1,0.17
330.5,11.4825,1.76,0.47,1.29,0.07,-21.7,5.16,60.84,10.75,,1113.5,18.0485,0.12,41.62,23.71,6.38,,259.1,9.77,6260,59311,703,16227,42466,94263,14501,4387,146654,211,211,296,3138,3255,1.07,-0.07,0.85,5.42,5.2,37.2,62.8,19.9495737,1.79,0.09,0.5,1.29,0.06,10.75,6.31,0.1,0.06
337.5,11.593,1.75,0.46,1.29,0.07,-21.86,5.38,66.35,10.75,,1116.5,18.0565,0.13,39.6,28.28,12.22,,284,10.53,5645,54018,784,20862,40749,76987,13128,3968,168420,160,145,298,3667,1923,1.04,-0.02,0.84,6.84,6.75,25.2,74.8,28.73233701,1.27,0.1,0.55,0.72,0.06,5.98,6.76,0.11,0.08
344.5,11.734,1.62,0.5,1.12,0.07,-22.09,5.26,74.53,9.33,,1140.5,18.1605,0.08,41.4,32.23,9.46,,294.5,10.85,6115,56835,490,15290,42909,93672,13082,6357,143353,228,195,315,3399,2910,1,-0.13,0.91,4.82,4.57,42.5,57.5,14.08730322,1.82,0.1,0.52,1.3,0.09,10.83,6.04,0.06,0.03
350.5,11.8865,1.75,0.58,1.17,0.07,-21.75,4.94,62.62,9.75,,1180.5,18.3205,0.1,46.28,30.64,6.57,,307.2,11.23,6334,60094,462,16969,41598,102133,13859,7834,146441,161,195,245,3816,2384,0.94,-0.1,0.89,4.14,3.97,50.4,49.6,8.411958,1.89,0.1,0.55,1.34,0.06,11.16,6.53,0.06,0.03
358.5,12.119,1.45,0.47,0.98,0.06,-21.85,5.49,66.06,8.17,,1220.5,18.504,0.15,42.96,28.27,9.5,,340.7,12.24,5719,58334,626,18416,38127,121769,13576,8253,137322,213,192,301,1083,3516,1.01,-0.11,0.88,4.48,4.27,46.5,53.5,12.22147828,1.89,0.07,0.44,1.46,0.05,12.13,7.09,0.05,0.02
366.5,12.5825,1.78,0.47,1.31,0.07,-21.82,5.44,64.95,10.92,,1260.5,18.7315,0.12,36.92,27.9,10.74,,363,12.92,3662,38702,753,21175,30848,36245,10812,10741,173474,235,158,291,2999,1814,0.93,-0.08,0.89,3.93,3.8,52.9,47.1,6.5840785,1.83,0.09,0.42,1.41,0.05,11.75,5.45,0.03,0.02
375.5,13.2835,1.58,0.59,0.99,0.08,-21.57,3.19,55.94,8.25,,1300.5,18.995,0.12,41.86,25.42,10.32,,385.2,13.33,5742,55721,474,17319,40691,79029,12362,13132,136745,224,191,336,1993,2866,1.01,-0.11,0.9,4.75,4.53,43.3,56.7,14.0063576,1.59,0.09,0.54,1.05,0.05,8.74,7.41,0.05,0.03
380.5,13.2955,1.58,0.6,0.98,0.07,-21.46,1.83,52.25,8.17,,1397.5,19.586,0.08,39.85,30.75,6.87,,405.5,13.39,5893,57990,610,18122,39824,89315,13331,21511,143718,210,190,266,3828,2112,0.95,-0.1,0.88,4.2,4.03,49.6,50.4,8.9376056,1.78,0.09,0.58,1.19,0.09,9.94,7.88,0.05,0.03
390.5,13.3365,1.67,0.57,1.1,0.07,-21.34,5.23,47.78,9.17,,1406.5,19.6315,0.1,43.03,29.73,7.98,,435,13.47,5700,55661,522,18419,39532,90049,13377,18436,148511,180,184,408,975,2793,0.97,-0.11,0.92,4.13,3.96,50.6,49.4,9.2685031,1.82,0.09,0.71,1.11,0.1,9.25,9.16,0.05,0.03
400.5,13.375,1.72,0.51,1.21,0.07,-21.26,4.96,44.97,10.08,,1524.5,20.291,0.13,42.91,29.61,8.96,,457,13.53,5510,49433,390,18336,35877,82217,12367,16780,133320,232,206,384,3121,2812,1.07,-0.07,0.84,5.53,5.3,36.3,63.7,20.6390995,1.81,0.09,0.64,1.17,0.09,9.76,8.72,0.04,0.02
410.5,13.4095,1.78,0.53,1.25,0.06,-21.34,5.34,47.83,10.42,,1564.5,20.5995,0.12,46.94,23.23,11.71,,496.7,13.65,6093,56438,616,22293,39882,95645,13498,21538,148129,231,189,428,2700,3093,0.98,-0.08,0.86,4.43,4.28,46.4,53.6,11.02340724,1.82,0.08,0.53,1.28,0.08,10.68,7.42,0.05,0.03
420.5,13.44,1.81,0.58,1.23,0.07,-21.45,0.39,51.62,10.25,,1604.5,20.913,0.1,43.12,30.04,7.06,,525.5,13.72,4095,45736,645,23862,27863,123473,10444,13246,107309,205,164,350,966,3702,0.99,-0.08,0.91,4.44,4.3,46.1,53.9,11.1873976,1.83,0.08,0.51,1.32,0.08,11.02,7.53,0.07,0.04
430.5,13.4655,1.8,0.56,1.24,0.06,-21.35,1.43,48.36,10.33,,1644.5,21.1695,0.08,39.87,29.98,5.13,,531,13.74,5606,54854,681,22754,38636,100938,13538,17369,139708,199,202,384,3555,3369,1.01,-0.11,0.9,4.79,4.58,42.7,57.3,14.3055374,1.72,0.09,0.55,1.17,0.08,9.79,7.05,0.06,0.03
440.5,13.4915,1.79,0.57,1.22,0.06,-21.5,0.68,53.56,10.17,,1684.5,21.3955,0.1,45.79,31.4,6.31,,534.2,13.75,5579,54813,795,24514,40007,86662,13600,17775,154749,174,240,445,1309,3019,1.09,0.04,0.83,7.6,7.72,22,78,35.08711636,1.64,0.09,0.51,1.13,0.08,9.43,6.44,0.28,0.17
448.5,13.51,1.82,0.56,1.26,0.06,-21.42,4.98,50.87,10.5,,1704.5,21.506,0.15,43,30.13,8.5,,555.4,13.84,5493,53445,532,18828,38005,71259,12798,8985,135479,235,169,428,1094,2496,1.07,-0.1,0.86,5.3,5.04,38.4,61.6,18.9873069,1.62,0.09,0.64,0.98,0.09,8.16,8.15,0.05,0.03
453.5,13.525,1.81,0.56,1.25,0.07,-21.54,5.36,54.94,10.42,,1725.5,21.622,0.1,41.8,26.9,8.76,,561,13.89,5121,49435,933,20435,37284,65640,12706,20037,149329,214,186,390,2863,2505,0.96,-0.09,0.89,4.3,4.14,48.1,51.9,9.73207795,1.46,0.09,0.58,0.88,0.09,7.3,7.26,0.13,0.09
460.5,13.54,1.92,0.55,1.37,0.07,-21.29,5.21,46.21,11.42,,1802.5,22.1035,0.15,39.59,29.98,10.51,,575,14.01,3433,36061,853,23598,27922,167857,9476,9426,108495,225,191,426,506,5190,0.95,-0.09,0.87,4.35,4.2,47.3,52.7,9.8115872,1.64,0.09,0.57,1.07,0.08,8.89,7.16,0.07,0.04
470.5,13.563,1.52,0.55,0.97,0.05,-21.31,5.47,46.72,8.08,,1852.5,22.4705,0.17,41.44,31.51,8.96,,582.2,14.08,3942,40573,472,19417,31558,43919,10721,8109,136724,213,146,459,671,2128,1.04,-0.09,0.87,4.74,4.53,43.7,56.3,14.9004175,1.34,0.09,0.6,0.74,0.09,6.17,7.59,0.36,0.27
480.5,13.5905,2.05,0.6,1.45,0.07,-21.31,1.99,46.66,12.08,,1862.5,22.507,0.08,45.82,30.8,6.75,,596.3,14.2,4960,51215,1585,25609,37876,53918,13082,16628,167619,233,188,417,3615,2602,1.08,-0.09,0.85,5.31,5.06,38.5,61.5,19.3865241,1.22,0.09,0.59,0.63,0.09,5.23,7.51,0.36,0.3
490.5,13.6185,1.69,0.51,1.18,0.06,-21.33,2.28,47.68,9.83,,1922.5,22.743,0.13,43.86,27.06,11.71,,605,14.28,2969,33248,519,23925,29569,34593,10585,25292,142765,191,154,380,2897,2137,1.08,-0.05,0.84,5.66,5.49,35,65,21.612853,1.3,0.1,0.59,0.71,0.09,5.92,7.18,0.23,0.18
500.5,13.645,1.86,0.54,1.32,0.07,-21.25,1.69,44.6,11,,1932.5,22.7825,0.18,42.11,28.51,15.12,,617.8,14.39,5872,59137,650,26541,43991,73205,15063,17925,163701,209,245,446,2546,2681,1.08,-0.08,0.85,4.99,4.8,41.2,58.8,17.2442594,1.51,0.09,0.57,0.93,0.08,7.78,7.81,0.06,0.04
510.5,13.675,1.81,0.59,1.22,0.06,-21.3,2.07,46.61,10.17,,2000.5,23.441,0.12,46.35,26.68,9.17,,625,14.45,4354,45924,888,26489,35900,32849,12688,45139,171332,237,158,487,2423,1949,1.07,0.04,0.81,7.14,7.22,24.3,75.7,32.25320066,1.32,0.09,0.67,0.65,0.09,5.39,8.41,0.12,0.09
520.5,13.703,1.69,0.5,1.19,0.07,-21.35,2.14,48.23,9.92,,2079.5,24.348,0.15,43.45,27.45,11.4,,644,14.62,4294,47430,1060,29298,37056,35665,12565,26178,200948,250,187,485,1399,1954,1.08,-0.06,0.85,5.4,5.2,37.4,62.6,20.0232288,1.3,0.09,0.74,0.56,0.09,4.69,9.07,0.26,0.2
528.5,13.729,1.38,0.59,0.79,0.05,-21.29,1.93,46.22,6.58,,2117.5,24.554,0.13,43.1,27.02,14.27,,673.7,14.88,5417,55345,1226,24169,41645,57356,13905,24163,173358,239,191,489,2926,2205,0.98,-0.08,0.88,4.7,4.55,43,57,12.5907741,1.58,0.1,0.6,0.98,0.08,8.15,7.25,0.13,0.08
535.5,13.7545,2.35,0.6,1.75,0.09,-21.39,1.76,49.77,14.58,,2157.5,24.8225,0.12,43.05,28.81,7.96,,695.3,15.07,6201,60323,589,22623,42729,81784,14914,15413,155427,191,201,427,2676,2914,1.05,-0.03,0.85,5.77,5.67,33.1,66.9,21.70872801,1.77,0.1,0.74,1.03,0.09,8.62,8.25,0.08,0.04
542.5,13.777,1.4,0.74,0.66,0.06,-21.22,1.79,43.41,5.5,,2167.5,24.922,0.17,43.41,27.97,15.71,,698.6,15.1,4447,48130,636,28413,39115,74415,13572,13097,148098,243,190,470,2975,2655,1.06,-0.05,0.83,5.87,5.69,33,67,22.8732677,1.72,0.1,0.77,0.94,0.09,7.85,8.91,0.08,0.05
550.5,13.802,1.66,0.59,1.07,0.08,-21.27,1.82,45.44,8.92,,2198.5,25.23,0.18,39.08,29.26,12.51,,722,15.3,6074,62188,781,24135,42592,77809,15012,11459,157187,244,210,430,3055,3184,1.11,-0.03,0.81,5.99,5.85,33.1,66.9,25.21001337,1.59,0.1,0.74,0.85,0.08,7.06,9.04,0.09,0.06
556.5,13.86,1.44,0.64,0.8,0.06,-21.26,1.76,45.09,6.67,,2238.5,25.6275,0.1,39.19,25.71,18.08,,726.5,15.34,4933,51083,811,27241,39148,56166,13763,20577,164049,221,198,542,2796,2192,1.04,-0.03,0.85,6.22,6.1,29.4,70.6,24.56821563,1.61,0.1,0.68,0.93,0.09,7.75,7.82,0.08,0.05
564.5,14.025,1.72,0.59,1.13,0.07,-21.34,0.89,48.01,9.42,,2276.5,26.005,0.1,41.2,26.56,13.9,,746.5,15.52,2794,31670,647,22377,27222,26472,9320,37241,142325,206,125,304,2802,1224,0.99,0,0.85,6.6,6.57,25.3,74.7,25.9465579,1.02,0.1,0.54,0.48,0.08,4,6.12,0.2,0.19
569.5,14.1055,1.23,0.6,0.63,0.07,-21.21,2.6,43.12,5.25,,2286.5,26.1045,0.1,45.4,29.12,6.05,,756,15.6,5600,59047,600,20718,41067,68093,13910,13389,144188,193,226,286,3778,1825,1.17,0,0.86,8.05,8.1,21.4,78.6,38.13648407,1.57,0.1,0.57,1,0.08,8.33,6.52,0.06,0.04
577.5,14.2085,1.5,0.53,0.97,0.06,-21.39,1.99,49.76,8.08,,,,,,,,,762.5,15.66,3652,40653,423,15946,31078,49044,10295,8283,111513,185,144,249,2682,1549,1.2,-0.02,0.78,7.2,7.03,27.5,72.5,34.4100191,1.53,0.12,0.63,0.9,0.09,7.49,6.15,0.1,0.06
585.5,14.291,1.51,0.61,0.9,0.07,-21.23,2.57,43.84,7.5,,,,,,,,,795.7,15.94,5211,51701,388,14792,35941,56973,12186,14597,128253,220,177,434,715,2093,1.09,-0.12,0.82,5.08,4.74,41.8,58.2,18.9180528,1.65,0.12,0.63,1.02,0.09,8.51,6.01,0.07,0.04
592.5,14.3475,1.59,0.55,1.04,0.07,-21.22,1.81,43.63,8.67,,,,,,,,,827.8,16.23,5689,56274,513,16358,37388,54740,13172,11396,129363,215,194,493,924,2321,1.28,0.02,0.85,8.8,8.95,21,79,43.0707868,1.57,0.12,0.54,1.04,0.08,8.66,5.2,0.33,0.21
601.5,14.4285,1.65,0.61,1.04,0.08,-21.15,2.79,41.24,8.67,,,,,,,,,831.4,16.26,4442,48320,2443,16349,34176,46649,11559,6758,150684,216,130,343,3191,1754,1.09,-0.13,0.84,5.51,5.11,37.7,62.3,21.0225656,1.15,0.12,0.6,0.55,0.09,4.55,5.92,0.13,0.11
610.5,14.4815,1.47,0.63,0.84,0.07,-21.17,2.46,41.94,7,,,,,,,,,852.2,16.44,2948,46817,1392,24215,22574,54566,8209,7905,94809,263,182,609,2369,2199,1.37,0.3,1.08,39.01,46.58,2.12,63.78,59.10605,1.69,0.12,0.59,1.1,0.08,9.17,5.8,0.29,0.17
619.5,14.5475,1.41,0.62,0.79,0.07,-21.13,3.05,40.21,6.58,,,,,,,,,856.5,16.48,1021,36264,3121,34742,10188,34452,4035,2365,61882,206,66,489,1761,1568,0.94,0.25,1.11,42.56,46.39,0.11,71.79,73.746623,1.15,0.13,0.56,0.59,0.08,4.9,5.1,0.3,0.26
628.5,14.633,1.61,0.65,0.96,0.07,-21.16,2.49,41.27,8,,,,,,,,,862.3,16.53,2613,30646,319,12029,23878,55908,8826,4549,88766,180,105,227,3194,1685,1.14,0.01,0.79,6.9,6.88,27.7,72.3,32.11622338,1.79,0.11,0.59,1.2,0.09,9.99,6.17,0.09,0.05
638.5,14.6975,1.46,0.65,0.81,0.08,-21.19,2.32,42.53,6.75,,,,,,,,,877.3,16.65,4829,54899,305,18668,33885,44705,11188,5198,129411,200,173,416,2677,1997,1.29,0.07,0.72,8.18,8.41,25.7,74.3,42.202817,1.19,0.11,0.71,0.49,0.1,4.07,7.2,0.04,0.04
650.5,14.7685,1.56,0.61,0.95,0.08,-21.02,2.49,36.52,7.92,,,,,,,,,897.2,16.78,2717,35464,589,14855,22933,47457,8337,6581,93802,198,145,445,2218,1815,1.75,0.37,0.8,23.63,32.93,10.9,65.7,53.57554,1.72,0.13,0.51,1.21,0.08,10.06,4.73,0.23,0.13
660.5,14.8355,1.42,0.63,0.79,0.07,-21.07,2.15,38.08,6.58,,,,,,,,,915.5,16.91,4590,65198,1010,27564,32787,67894,11815,12284,134890,244,206,697,1232,2560,1.39,0.36,1.01,24.25,30.33,6.52,81.38,70.75769,1.61,0.12,0.59,1.01,0.08,8.43,5.74,0.26,0.16
670.5,14.8965,1.18,0.62,0.56,0.08,-21.08,1.7,38.47,4.67,,,,,,,,,927.5,16.99,4124,62928,1226,28122,30230,56216,10730,9544,134593,246,188,698,2371,2425,1.23,0.17,0.83,13.63,14.78,9.63,90.35,62.09098847,2.12,0.12,0.54,1.58,0.08,13.13,5.3,0.33,0.16
680.5,14.967,1.66,0.6,1.06,0.08,-21.14,2.25,40.59,8.83,,,,,,,,,934.5,17.04,1633,41505,1223,26874,13874,35237,5350,1955,79585,244,107,665,834,1650,0.93,0.26,1.1,40.82,44.58,0.16,74.74,76.29444,1.08,0.12,0.56,0.51,0.08,4.28,5.55,0.48,0.45
690.5,15.0375,2.06,0.61,1.45,0.1,-21.05,2.16,37.5,12.08,,,,,,,,,939.5,17.08,5275,53484,8887,19049,37137,145724,12145,5701,149007,205,170,404,655,4307,1.04,-0.02,0.85,5.64,5.56,33.9,66.1,20.64625462,1.79,0.11,0.57,1.22,0.09,10.15,6.14,0.79,0.44
700.5,15.1125,1.8,0.68,1.12,0.1,-21.02,2.14,36.29,9.33,,,,,,,,,956.1,17.19,5313,54954,451,16145,38019,65224,12904,4130,135864,211,148,458,1362,2329,1.02,-0.07,0.86,5.95,5.72,31.5,68.5,21.8849492,1.31,0.1,0.58,0.74,0.08,6.13,6.9,0.9,0.69
710.5,15.177,1.63,0.64,0.99,0.1,-21.01,2.63,35.9,8.25,,,,,,,,,969.7,17.29,5952,62577,909,20203,40930,68215,13484,9323,151773,203,228,550,974,2511,1.09,-0.07,0.81,6.01,5.71,33.1,66.9,24.6022223,1.48,0.1,0.57,0.91,0.08,7.59,6.55,0.08,0.05
720.5,15.2425,1.62,0.62,1,0.1,-20.99,2.45,35.52,8.33,,,,,,,,,974.3,17.32,4828,52954,1957,22428,37388,102242,12389,7663,152647,201,194,554,732,3003,1.05,-0.1,0.86,5.76,5.45,34,66,21.211931,1.15,0.12,0.62,0.53,0.09,4.43,5.89,0.35,0.31
729.5,15.307,1.38,0.62,0.76,0.08,-21.16,2.33,41.33,6.33,,,,,,,,,995.7,17.47,5721,58163,400,17530,37647,67029,13226,13672,137376,197,154,432,1485,2477,1.01,-0.13,0.89,4.28,4.03,49.6,50.4,11.4346711,1.79,0.11,0.61,1.18,0.08,9.79,6.29,0.19,0.11
740.5,15.3885,1.22,0.57,0.65,0.08,-21.19,1.89,42.5,5.42,,,,,,,,,1016,17.57,5267,56269,861,18593,37108,49075,13079,21451,143646,224,205,443,2266,2091,1.12,0,0.82,7.61,7.56,22.9,77.1,35.1662553,1.38,0.11,0.62,0.76,0.08,6.35,6.8,0.12,0.08
748.5,15.4405,1.5,0.36,1.14,0.09,-22.19,1.58,78.12,9.5,,,,,,,,,1032.3,17.65,5709,57343,460,17074,38468,66269,13356,18656,139736,153,161,472,636,2213,0.99,-0.14,0.87,4.02,3.76,53.2,46.8,9.4203127,1.74,0.11,0.54,1.2,0.09,10,5.85,0.07,0.04
751.5,15.4625,1.56,0.61,0.95,0.08,-21.01,2.78,36.23,7.92,,,,,,,,,1043.9,17.7,4363,47826,268,16197,32487,49656,11271,5083,128730,203,189,440,2451,2121,1.06,-0.03,0.85,6.84,6.7,25.7,74.3,28.8853143,1.35,0.11,0.63,0.71,0.09,5.95,6.62,0.47,0.35
760.5,15.525,1.46,0.57,0.89,0.08,-21.05,2.17,37.61,7.42,,,,,,,,,1052.5,17.74,3762,46754,438,20328,29550,51047,10591,12128,117529,205,164,512,879,2102,1.39,0.05,0.75,10.83,10.94,18.2,81.8,50.4815691,1.54,0.11,0.51,1.03,0.08,8.57,5.28,0.14,0.09
770.5,15.5725,1.52,0.62,0.9,0.09,-21.06,2.57,37.89,7.5,,,,,,,,,1057.3,17.77,5487,56314,435,19994,39517,75701,13046,8068,135376,185,185,283,3626,1941,0.94,-0.11,0.87,3.67,3.49,57.3,42.7,5.0304264,1.82,0.11,0.66,1.16,0.08,9.66,7.33,0.07,0.04
780.5,15.6465,1.57,0.63,0.94,0.09,-20.88,2.66,31.41,7.83,,,,,,,,,1063,17.79,6277,63138,486,19164,40487,72919,13165,6780,141021,233,173,460,2069,2641,1.13,-0.05,0.79,6.17,5.94,32.7,67.3,27.0443745,1.63,0.11,0.74,0.89,0.09,7.4,8.15,0.05,0.03
790.5,15.7205,1.62,0.65,0.97,0.09,-20.96,2.37,34.11,8.08,,,,,,,,,1111.5,18.02,5799,59725,503,19719,39620,34025,13690,10710,152751,181,213,407,2373,1762,1.07,-0.1,0.82,5.38,5.08,38.4,61.6,20.3299914,1.11,0.1,0.83,0.27,0.1,2.27,9.89,0.05,0.05
800.5,15.8025,1.46,0.59,0.87,0.08,-21.11,3.74,39.81,7.25,,,,,,,,,1122.8,18.07,2724,29870,187,10446,23638,41202,8373,4053,87580,214,137,310,1895,1835,1.12,-0.02,0.79,6.19,6.06,32.1,67.9,27.2069852,1.54,0.1,0.58,0.96,0.07,7.99,6.93,0.06,0.04
810.5,15.8815,1.52,0.61,0.91,0.09,-20.95,4.48,34.02,7.58,,,,,,,,,1136.3,18.13,3921,42258,520,14848,32058,51609,11315,7724,118733,230,165,249,3054,1673,1.07,-0.06,0.84,5.77,5.58,34,66,22.42692382,1.58,0.1,0.62,0.96,0.08,8,6.91,0.1,0.06
820.5,15.9715,1.49,0.67,0.82,0.1,-20.97,4.03,34.47,6.83,,,,,,,,,1148.5,18.19,6119,65486,719,20928,40572,64297,13328,10188,139566,237,213,449,3427,2455,1.22,0.01,0.69,6.97,6.88,30.4,69.6,36.81530543,1.49,0.1,0.94,0.55,0.13,4.55,10.82,0.04,0.03
833.5,16.082,1.28,0.64,0.64,0.09,-20.79,3.28,28.38,5.33,,,,,,,,,1160,18.24,5920,57915,274,18470,40044,69539,13548,5833,137978,191,183,459,2944,2566,1.09,0.05,0.81,7.63,7.79,22.2,77.8,35.89463064,1.14,0.1,0.64,0.51,0.08,4.22,7.58,0.05,0.04
843.5,16.1965,1.62,0.64,0.98,0.1,-20.28,2.92,9.87,8.17,,,,,,,,,1179.5,18.33,6521,63541,536,20975,43512,76200,13635,9280,146329,203,195,447,821,2597,1.11,-0.08,0.8,5.92,5.58,34.4,65.6,24.5920742,1.62,0.1,0.58,1.04,0.08,8.69,6.83,0.07,0.05
853.5,16.328,1.5,0.65,0.85,0.1,-20.14,2.06,5.01,7.08,,,,,,,,,1195,18.41,4442,45977,435,15316,33547,64459,11073,10472,122941,220,175,393,2051,2256,0.85,0.02,0.85,2.47,2.47,76.7,23.3,0,1.72,0.1,0.73,1,0.09,8.33,8.83,0.04,0.02
857.5,16.3795,1.17,0.63,0.54,0.11,-19.31,1.94,-24.62,4.5,,,,,,,,,,,,,,,,,,,,,,,,,,,,,,,,,,,,,,,,,
860.5,16.429,1.69,0.6,1.09,0.09,-21.19,2.9,42.44,9.08,,,,,,,,,,,,,,,,,,,,,,,,,,,,,,,,,,,,,,,,,
870.5,16.565,2.01,0.65,1.36,0.09,-21,2.66,35.64,11.33,,,,,,,,,,,,,,,,,,,,,,,,,,,,,,,,,,,,,,,,,
880.5,16.653,1.56,0.66,0.9,0.09,-20.69,2.35,24.8,7.5,,,,,,,,,,,,,,,,,,,,,,,,,,,,,,,,,,,,,,,,,
890.5,16.757,1.45,0.64,0.81,0.1,-20.69,2.87,24.69,6.75,,,,,,,,,,,,,,,,,,,,,,,,,,,,,,,,,,,,,,,,,
898.5,16.8235,1.7,0.71,0.99,0.1,-20.61,3.38,21.93,8.25,,,,,,,,,,,,,,,,,,,,,,,,,,,,,,,,,,,,,,,,,
910.5,16.9015,1.67,0.7,0.97,0.1,-20.36,3.3,12.76,8.08,,,,,,,,,,,,,,,,,,,,,,,,,,,,,,,,,,,,,,,,,
920.5,16.951,1.65,0.69,0.96,0.11,-20.33,3.46,11.96,8,,,,,,,,,,,,,,,,,,,,,,,,,,,,,,,,,,,,,,,,,
928.5,16.9975,1.68,0.77,0.91,0.11,-20.35,3,12.36,7.58,,,,,,,,,,,,,,,,,,,,,,,,,,,,,,,,,,,,,,,,,
932.5,17.016,0.97,0.59,0.38,0.11,-19.05,1.96,-34,3.17,,,,,,,,,,,,,,,,,,,,,,,,,,,,,,,,,,,,,,,,,
937.5,17.043,1.74,0.62,1.12,0.1,-21.21,3.32,43.34,9.33,,,,,,,,,,,,,,,,,,,,,,,,,,,,,,,,,,,,,,,,,
940.5,17.0615,1.73,0.66,1.07,0.1,-20.98,2.58,34.88,8.92,,,,,,,,,,,,,,,,,,,,,,,,,,,,,,,,,,,,,,,,,
950.5,17.11,1.36,0.66,0.7,0.1,-20.92,2.78,33.02,5.83,,,,,,,,,,,,,,,,,,,,,,,,,,,,,,,,,,,,,,,,,
960.5,17.163,1.59,0.62,0.97,0.09,-20.75,2.97,26.81,8.08,,,,,,,,,,,,,,,,,,,,,,,,,,,,,,,,,,,,,,,,,
970.5,17.228,1.55,0.68,0.87,0.1,-20.8,3.32,28.41,7.25,,,,,,,,,,,,,,,,,,,,,,,,,,,,,,,,,,,,,,,,,
980.5,17.3115,1.5,0.6,0.9,0.09,-20.85,3.09,30.42,7.5,,,,,,,,,,,,,,,,,,,,,,,,,,,,,,,,,,,,,,,,,
990.5,17.4005,1.62,0.63,0.99,0.09,-20.74,3.59,26.57,8.25,,,,,,,,,,,,,,,,,,,,,,,,,,,,,,,,,,,,,,,,,
1000.5,17.4765,1.63,0.66,0.97,0.1,-20.82,3.13,29.13,8.08,,,,,,,,,,,,,,,,,,,,,,,,,,,,,,,,,,,,,,,,,
1010.5,17.5225,1.65,0.68,0.97,0.09,-20.97,2.89,34.49,8.08,,,,,,,,,,,,,,,,,,,,,,,,,,,,,,,,,,,,,,,,,
1020.5,17.5825,1.11,0.67,0.44,0.09,-21.31,1.09,46.76,3.67,,,,,,,,,,,,,,,,,,,,,,,,,,,,,,,,,,,,,,,,,
1030.5,17.6445,1.65,0.69,0.96,0.09,-20.93,1.32,33.18,8,,,,,,,,,,,,,,,,,,,,,,,,,,,,,,,,,,,,,,,,,
1040.5,17.704,1.68,0.66,1.02,0.09,-20.97,0.78,34.52,8.5,,,,,,,,,,,,,,,,,,,,,,,,,,,,,,,,,,,,,,,,,
1048.5,17.7435,1.99,0.69,1.3,0.08,-20.99,1.73,35.32,10.83,,,,,,,,,,,,,,,,,,,,,,,,,,,,,,,,,,,,,,,,,
1058.5,17.8055,1.7,0.64,1.06,0.1,-21.18,1.88,42.25,8.83,,,,,,,,,,,,,,,,,,,,,,,,,,,,,,,,,,,,,,,,,
1068.5,17.848,1.63,0.63,1,0.1,-21.01,2.13,36.11,8.33,,,,,,,,,,,,,,,,,,,,,,,,,,,,,,,,,,,,,,,,,
1078.5,17.893,1.67,0.66,1.01,0.1,-21.14,1.57,40.84,8.42,,,,,,,,,,,,,,,,,,,,,,,,,,,,,,,,,,,,,,,,,
1088.5,17.948,1.74,0.7,1.04,0.11,-21.02,1.7,36.48,8.67,,,,,,,,,,,,,,,,,,,,,,,,,,,,,,,,,,,,,,,,,
1098.5,17.984,1.67,0.64,1.03,0.1,-21.19,1.29,42.51,8.58,,,,,,,,,,,,,,,,,,,,,,,,,,,,,,,,,,,,,,,,,
1108.5,18.025,1.65,0.64,1.01,0.09,-21.13,0.59,40.43,8.42,,,,,,,,,,,,,,,,,,,,,,,,,,,,,,,,,,,,,,,,,
1113.5,18.0485,0.85,0.6,0.25,0.1,-21.19,1.83,42.52,2.08,,,,,,,,,,,,,,,,,,,,,,,,,,,,,,,,,,,,,,,,,
1116.5,18.0565,1.29,0.66,0.63,0.1,-20.34,-1.64,12.21,5.25,,,,,,,,,,,,,,,,,,,,,,,,,,,,,,,,,,,,,,,,,
1120.5,18.076,1.63,0.61,1.02,0.09,-21.3,1.52,46.5,8.5,,,,,,,,,,,,,,,,,,,,,,,,,,,,,,,,,,,,,,,,,
1130.5,18.1155,1.44,0.61,0.83,0.09,-21.41,1.75,50.34,6.92,,,,,,,,,,,,,,,,,,,,,,,,,,,,,,,,,,,,,,,,,
1140.5,18.1605,1.6,0.65,0.95,0.1,-21.11,2.03,39.65,7.92,,,,,,,,,,,,,,,,,,,,,,,,,,,,,,,,,,,,,,,,,
1150.5,18.199,1.63,0.67,0.96,0.1,-20.97,2.78,34.64,8,,,,,,,,,,,,,,,,,,,,,,,,,,,,,,,,,,,,,,,,,
1160.5,18.2355,1.7,0.62,1.08,0.1,-21.22,1.73,43.65,9,,,,,,,,,,,,,,,,,,,,,,,,,,,,,,,,,,,,,,,,,
1170.5,18.2715,1.59,0.64,0.95,0.11,-21.26,1.68,45.09,7.92,,,,,,,,,,,,,,,,,,,,,,,,,,,,,,,,,,,,,,,,,
1180.5,18.3205,1.67,0.57,1.1,0.11,-21.44,1.05,51.49,9.17,,,,,,,,,,,,,,,,,,,,,,,,,,,,,,,,,,,,,,,,,
1190.5,18.368,1.72,0.57,1.15,0.11,-21.31,1.18,46.62,9.58,,,,,,,,,,,,,,,,,,,,,,,,,,,,,,,,,,,,,,,,,
1198.5,18.4,1.7,0.57,1.13,0.1,-21.25,2.17,44.66,9.42,,,,,,,,,,,,,,,,,,,,,,,,,,,,,,,,,,,,,,,,,
1210.5,18.452,1.65,0.62,1.03,0.1,-21.25,1.84,44.78,8.58,,,,,,,,,,,,,,,,,,,,,,,,,,,,,,,,,,,,,,,,,
1220.5,18.504,1.88,0.67,1.21,0.11,-21.29,1.51,46.1,10.08,,,,,,,,,,,,,,,,,,,,,,,,,,,,,,,,,,,,,,,,,
1230.5,18.559,1.67,0.59,1.08,0.11,-21.41,1.74,50.24,9,,,,,,,,,,,,,,,,,,,,,,,,,,,,,,,,,,,,,,,,,
1240.5,18.6115,1.73,0.55,1.18,0.11,-21.24,1.66,44.31,9.83,,,,,,,,,,,,,,,,,,,,,,,,,,,,,,,,,,,,,,,,,
1250.5,18.668,1.73,0.6,1.13,0.11,-21.2,1.25,42.98,9.42,,,,,,,,,,,,,,,,,,,,,,,,,,,,,,,,,,,,,,,,,
1260.5,18.7315,1.74,0.6,1.14,0.11,-21.09,1.97,39.1,9.5,,,,,,,,,,,,,,,,,,,,,,,,,,,,,,,,,,,,,,,,,
1270.5,18.7795,1.7,0.65,1.05,0.12,-21.23,1.91,43.82,8.75,,,,,,,,,,,,,,,,,,,,,,,,,,,,,,,,,,,,,,,,,
1279.5,18.833,1.64,0.56,1.08,0.1,-21.34,2.39,47.73,9,,,,,,,,,,,,,,,,,,,,,,,,,,,,,,,,,,,,,,,,,
1289.5,18.9035,1.55,0.6,0.95,0.11,-21.27,2.33,45.43,7.92,,,,,,,,,,,,,,,,,,,,,,,,,,,,,,,,,,,,,,,,,
1300.5,18.995,1.19,0.56,0.63,0.11,-21.63,1.99,58.04,5.25,,,,,,,,,,,,,,,,,,,,,,,,,,,,,,,,,,,,,,,,,
1310.5,19.0765,1.58,0.59,0.99,0.11,-21.3,2.23,46.37,8.25,,,,,,,,,,,,,,,,,,,,,,,,,,,,,,,,,,,,,,,,,
1320.5,19.1555,1.46,0.62,0.84,0.11,-21.31,2.27,46.81,7,,,,,,,,,,,,,,,,,,,,,,,,,,,,,,,,,,,,,,,,,
1330.5,19.236,1.3,0.58,0.72,0.11,-21.39,2.64,49.71,6,,,,,,,,,,,,,,,,,,,,,,,,,,,,,,,,,,,,,,,,,
1340.5,19.292,1.24,0.55,0.69,0.1,-22.07,1,73.75,5.75,,,,,,,,,,,,,,,,,,,,,,,,,,,,,,,,,,,,,,,,,
1348.5,19.349,1.53,0.65,0.88,0.11,-21.68,1.34,60.08,7.33,,,,,,,,,,,,,,,,,,,,,,,,,,,,,,,,,,,,,,,,,
1351.5,19.36,1.59,0.69,0.9,0.12,-20.91,1.6,32.58,7.5,,,,,,,,,,,,,,,,,,,,,,,,,,,,,,,,,,,,,,,,,
1360.5,19.406,1.6,0.68,0.92,0.1,-21.2,1.58,42.93,7.67,,,,,,,,,,,,,,,,,,,,,,,,,,,,,,,,,,,,,,,,,
1370.5,19.4555,1.39,0.6,0.79,0.1,-21.22,1.78,43.62,6.58,,,,,,,,,,,,,,,,,,,,,,,,,,,,,,,,,,,,,,,,,
1380.5,19.498,1.46,0.69,0.77,0.11,-21.27,2.37,45.24,6.42,,,,,,,,,,,,,,,,,,,,,,,,,,,,,,,,,,,,,,,,,
1390.5,19.557,1.46,0.75,0.71,0.11,-21.33,2.34,47.6,5.92,,,,,,,,,,,,,,,,,,,,,,,,,,,,,,,,,,,,,,,,,
1397.5,19.586,1.04,0.61,0.43,0.1,-21.34,1.16,47.91,3.58,,,,,,,,,,,,,,,,,,,,,,,,,,,,,,,,,,,,,,,,,
1406.5,19.6315,1.64,0.69,0.95,0.11,-20.91,1.55,32.33,7.92,,,,,,,,,,,,,,,,,,,,,,,,,,,,,,,,,,,,,,,,,
1417.5,19.6855,1.43,0.62,0.81,0.1,-21.2,1.75,42.88,6.75,,,,,,,,,,,,,,,,,,,,,,,,,,,,,,,,,,,,,,,,,
1429.5,19.746,1.48,0.66,0.82,0.11,-21.08,0.94,38.63,6.83,,,,,,,,,,,,,,,,,,,,,,,,,,,,,,,,,,,,,,,,,
1440.5,19.7985,1.43,0.69,0.74,0.11,-20.98,1.5,34.92,6.17,,,,,,,,,,,,,,,,,,,,,,,,,,,,,,,,,,,,,,,,,
1450.5,19.8565,1.19,0.62,0.57,0.11,-21,1.56,35.7,4.75,,,,,,,,,,,,,,,,,,,,,,,,,,,,,,,,,,,,,,,,,
1460.5,19.907,1.37,0.79,0.58,0.1,-20.58,0.4,20.73,4.83,,,,,,,,,,,,,,,,,,,,,,,,,,,,,,,,,,,,,,,,,
1465.5,19.937,1.39,0.72,0.67,0.11,-21.67,1.8,59.57,5.58,,,,,,,,,,,,,,,,,,,,,,,,,,,,,,,,,,,,,,,,,
1475.5,19.9835,1.34,0.61,0.73,0.1,-21.66,2.11,59.27,6.08,,,,,,,,,,,,,,,,,,,,,,,,,,,,,,,,,,,,,,,,,
1485.5,20.048,1.22,0.61,0.61,0.1,-21.31,1.86,46.69,5.08,,,,,,,,,,,,,,,,,,,,,,,,,,,,,,,,,,,,,,,,,
1495.5,20.107,0.86,0.59,0.27,0.1,-21.8,2.92,64.19,2.25,,,,,,,,,,,,,,,,,,,,,,,,,,,,,,,,,,,,,,,,,
1504.5,20.1515,1.36,0.68,0.68,0.1,-21.39,1.97,49.82,5.67,,,,,,,,,,,,,,,,,,,,,,,,,,,,,,,,,,,,,,,,,
1514.5,20.219,1.29,0.61,0.68,0.1,-21.32,1.98,47.18,5.67,,,,,,,,,,,,,,,,,,,,,,,,,,,,,,,,,,,,,,,,,
1524.5,20.291,1.34,0.63,0.71,0.1,-21.26,2.13,45.07,5.92,,,,,,,,,,,,,,,,,,,,,,,,,,,,,,,,,,,,,,,,,
1534.5,20.3695,0.91,0.54,0.37,0.09,-21.59,1.52,56.94,3.08,,,,,,,,,,,,,,,,,,,,,,,,,,,,,,,,,,,,,,,,,
1544.5,20.4535,1.54,0.56,0.98,0.09,-21.53,1.23,54.7,8.17,,,,,,,,,,,,,,,,,,,,,,,,,,,,,,,,,,,,,,,,,
1554.5,20.507,1.45,0.58,0.87,0.09,-21.33,2.7,47.64,7.25,,,,,,,,,,,,,,,,,,,,,,,,,,,,,,,,,,,,,,,,,
1564.5,20.5995,1.23,0.65,0.58,0.09,-21.5,2.38,53.63,4.83,,,,,,,,,,,,,,,,,,,,,,,,,,,,,,,,,,,,,,,,,
1574.5,20.6805,1.33,0.53,0.8,0.09,-21.44,1.4,51.6,6.67,,,,,,,,,,,,,,,,,,,,,,,,,,,,,,,,,,,,,,,,,
1584.5,20.765,1.51,0.56,0.95,0.1,-21.32,1.56,47.19,7.92,,,,,,,,,,,,,,,,,,,,,,,,,,,,,,,,,,,,,,,,,
1594.5,20.84,1.59,0.56,1.03,0.1,-21.18,2.52,42.29,8.58,,,,,,,,,,,,,,,,,,,,,,,,,,,,,,,,,,,,,,,,,
1604.5,20.913,1.6,0.6,1,0.1,-21.19,2.8,42.52,8.33,,,,,,,,,,,,,,,,,,,,,,,,,,,,,,,,,,,,,,,,,
1614.5,20.9845,1.6,0.6,1,0.1,-21.17,3.16,41.85,8.33,,,,,,,,,,,,,,,,,,,,,,,,,,,,,,,,,,,,,,,,,
1624.5,21.048,1.6,0.58,1.02,0.09,-21.17,3.1,41.88,8.5,,,,,,,,,,,,,,,,,,,,,,,,,,,,,,,,,,,,,,,,,
1634.5,21.118,1.53,0.56,0.97,0.09,-21.18,2.66,41.98,8.08,,,,,,,,,,,,,,,,,,,,,,,,,,,,,,,,,,,,,,,,,
1644.5,21.1695,1.54,0.59,0.95,0.09,-21.14,1.41,40.69,7.92,,,,,,,,,,,,,,,,,,,,,,,,,,,,,,,,,,,,,,,,,
1654.5,21.2325,1.46,0.51,0.95,0.09,-21.08,1.91,38.46,7.92,,,,,,,,,,,,,,,,,,,,,,,,,,,,,,,,,,,,,,,,,
1664.5,21.281,1.52,0.59,0.93,0.1,-21.16,1.96,41.34,7.75,,,,,,,,,,,,,,,,,,,,,,,,,,,,,,,,,,,,,,,,,
1674.5,21.3405,1.45,0.57,0.88,0.1,-21.28,3.07,45.75,7.33,,,,,,,,,,,,,,,,,,,,,,,,,,,,,,,,,,,,,,,,,
1684.5,21.3955,0.77,0.42,0.35,0.09,-21.53,1.44,54.71,2.92,,,,,,,,,,,,,,,,,,,,,,,,,,,,,,,,,,,,,,,,,
1694.5,21.451,1.63,0.55,1.08,0.1,-21.23,1.71,44.05,9,,,,,,,,,,,,,,,,,,,,,,,,,,,,,,,,,,,,,,,,,
1704.5,21.506,1.41,0.55,0.86,0.1,-21.3,3.76,46.41,7.17,,,,,,,,,,,,,,,,,,,,,,,,,,,,,,,,,,,,,,,,,
1715.5,21.5695,1.26,0.55,0.71,0.1,-21.52,1.48,54.24,5.92,,,,,,,,,,,,,,,,,,,,,,,,,,,,,,,,,,,,,,,,,
1725.5,21.622,1.15,0.54,0.61,0.1,-21.33,1.39,47.46,5.08,,,,,,,,,,,,,,,,,,,,,,,,,,,,,,,,,,,,,,,,,
1734.5,21.6765,1.51,0.57,0.94,0.09,-21.41,-0.87,50.25,7.83,,,,,,,,,,,,,,,,,,,,,,,,,,,,,,,,,,,,,,,,,
1744.5,21.7275,1.37,0.55,0.82,0.09,-21.36,0.63,48.58,6.83,,,,,,,,,,,,,,,,,,,,,,,,,,,,,,,,,,,,,,,,,
1754.5,21.7945,1.45,0.55,0.9,0.1,-21.25,5.12,44.68,7.5,,,,,,,,,,,,,,,,,,,,,,,,,,,,,,,,,,,,,,,,,
1764.5,21.853,1.35,0.52,0.83,0.1,-21.43,1.07,51.19,6.92,,,,,,,,,,,,,,,,,,,,,,,,,,,,,,,,,,,,,,,,,
1774.5,21.9175,1.36,0.62,0.74,0.1,-21.32,1.73,47.2,6.17,,,,,,,,,,,,,,,,,,,,,,,,,,,,,,,,,,,,,,,,,
1784.5,21.9805,0.87,0.51,0.36,0.1,-21.5,1.83,53.52,3,,,,,,,,,,,,,,,,,,,,,,,,,,,,,,,,,,,,,,,,,
1790.5,22.0235,1.1,0.6,0.5,0.1,-21.39,0.99,49.75,4.17,,,,,,,,,,,,,,,,,,,,,,,,,,,,,,,,,,,,,,,,,
1802.5,22.1035,1.38,0.51,0.87,0.1,-20.88,1.75,31.45,7.25,,,,,,,,,,,,,,,,,,,,,,,,,,,,,,,,,,,,,,,,,
1812.5,22.1815,1.01,0.47,0.54,0.09,-21.67,1.66,59.69,4.5,,,,,,,,,,,,,,,,,,,,,,,,,,,,,,,,,,,,,,,,,
1822.5,22.26,0.87,0.53,0.34,0.1,-21.67,1.76,59.69,2.83,,,,,,,,,,,,,,,,,,,,,,,,,,,,,,,,,,,,,,,,,
1832.5,22.361,1.05,0.53,0.52,0.1,-21.56,1.75,55.76,4.33,,,,,,,,,,,,,,,,,,,,,,,,,,,,,,,,,,,,,,,,,
1842.5,22.44,1.11,0.53,0.58,0.1,-21.48,2.81,52.8,4.83,,,,,,,,,,,,,,,,,,,,,,,,,,,,,,,,,,,,,,,,,
1852.5,22.4705,1.18,0.55,0.63,0.1,-21.47,3.05,52.62,5.25,,,,,,,,,,,,,,,,,,,,,,,,,,,,,,,,,,,,,,,,,
1862.5,22.507,1.1,0.49,0.61,0.09,-21.48,3.32,52.89,5.08,,,,,,,,,,,,,,,,,,,,,,,,,,,,,,,,,,,,,,,,,
1872.5,22.543,0.76,0.47,0.29,0.1,-21.56,2.75,55.89,2.42,,,,,,,,,,,,,,,,,,,,,,,,,,,,,,,,,,,,,,,,,
1882.5,22.5805,1.16,0.5,0.66,0.09,-21.31,5.14,46.96,5.5,,,,,,,,,,,,,,,,,,,,,,,,,,,,,,,,,,,,,,,,,
1892.5,22.623,1.24,0.51,0.73,0.1,-21.24,4.87,44.16,6.08,,,,,,,,,,,,,,,,,,,,,,,,,,,,,,,,,,,,,,,,,
1902.5,22.6625,1.17,0.51,0.66,0.09,-21.44,5.06,51.37,5.5,,,,,,,,,,,,,,,,,,,,,,,,,,,,,,,,,,,,,,,,,
1912.5,22.704,1.51,0.5,1.01,0.09,-21.23,5.27,43.92,8.42,,,,,,,,,,,,,,,,,,,,,,,,,,,,,,,,,,,,,,,,,
1922.5,22.743,1.48,0.51,0.97,0.09,-21.17,4.7,41.66,8.08,,,,,,,,,,,,,,,,,,,,,,,,,,,,,,,,,,,,,,,,,
1932.5,22.7825,1.52,0.54,0.98,0.1,-21.02,5.25,36.58,8.17,,,,,,,,,,,,,,,,,,,,,,,,,,,,,,,,,,,,,,,,,
1942.5,22.823,1.32,0.53,0.79,0.1,-20.09,4.87,3.2,6.58,,,,,,,,,,,,,,,,,,,,,,,,,,,,,,,,,,,,,,,,,
1951.5,22.8535,0.83,0.46,0.37,0.1,-21.12,4.86,39.96,3.08,,,,,,,,,,,,,,,,,,,,,,,,,,,,,,,,,,,,,,,,,
1961.5,22.8895,1.68,0.51,1.17,0.09,-20.31,5.15,11.16,9.75,,,,,,,,,,,,,,,,,,,,,,,,,,,,,,,,,,,,,,,,,
1971.5,23.0655,1.43,0.54,0.89,0.09,-20.78,5.02,27.79,7.42,,,,,,,,,,,,,,,,,,,,,,,,,,,,,,,,,,,,,,,,,
1980.5,23.212,1.42,0.54,0.88,0.09,-20.71,2.75,25.44,7.33,,,,,,,,,,,,,,,,,,,,,,,,,,,,,,,,,,,,,,,,,
1990.5,23.347,1.48,0.56,0.92,0.09,-20.89,3.02,31.69,7.67,,,,,,,,,,,,,,,,,,,,,,,,,,,,,,,,,,,,,,,,,
2000.5,23.441,1.07,0.49,0.58,0.09,-21.25,2.86,44.55,4.83,,,,,,,,,,,,,,,,,,,,,,,,,,,,,,,,,,,,,,,,,
2010.5,23.525,1.61,0.58,1.03,0.09,-21.47,5.87,52.45,8.58,,,,,,,,,,,,,,,,,,,,,,,,,,,,,,,,,,,,,,,,,
2020.5,23.6175,1.44,0.5,0.94,0.09,-21.08,7.34,38.61,7.83,,,,,,,,,,,,,,,,,,,,,,,,,,,,,,,,,,,,,,,,,
2030.5,23.7005,1.32,0.54,0.78,0.08,-20.84,7.39,30.09,6.5,,,,,,,,,,,,,,,,,,,,,,,,,,,,,,,,,,,,,,,,,
2040.5,23.798,1.39,0.55,0.84,0.09,-20.37,4.92,13.37,7,,,,,,,,,,,,,,,,,,,,,,,,,,,,,,,,,,,,,,,,,
2050.5,23.897,1.27,0.49,0.78,0.08,-20.17,5.34,6.17,6.5,,,,,,,,,,,,,,,,,,,,,,,,,,,,,,,,,,,,,,,,,
2058.5,23.996,1.05,0.46,0.59,0.09,-20.58,4.97,20.58,4.92,,,,,,,,,,,,,,,,,,,,,,,,,,,,,,,,,,,,,,,,,
2070.5,24.2165,1.38,0.53,0.85,0.09,-20.46,5.03,16.33,7.08,,,,,,,,,,,,,,,,,,,,,,,,,,,,,,,,,,,,,,,,,
2079.5,24.348,1.35,0.54,0.81,0.1,-20.58,5.23,20.83,6.75,,,,,,,,,,,,,,,,,,,,,,,,,,,,,,,,,,,,,,,,,
2089.5,24.398,1.45,0.48,0.97,0.09,-20.46,5.21,16.32,8.08,,,,,,,,,,,,,,,,,,,,,,,,,,,,,,,,,,,,,,,,,
2097.5,24.4475,1.4,0.49,0.91,0.09,-20.74,5.1,26.54,7.58,,,,,,,,,,,,,,,,,,,,,,,,,,,,,,,,,,,,,,,,,
2107.5,24.5035,1.53,0.56,0.97,0.09,-21.07,5.31,38.29,8.08,,,,,,,,,,,,,,,,,,,,,,,,,,,,,,,,,,,,,,,,,
2117.5,24.554,1.57,0.51,1.06,0.1,-20.35,5.21,12.57,8.83,,,,,,,,,,,,,,,,,,,,,,,,,,,,,,,,,,,,,,,,,
2127.5,24.6175,1.66,0.45,1.21,0.08,-20.54,5.24,19.42,10.08,,,,,,,,,,,,,,,,,,,,,,,,,,,,,,,,,,,,,,,,,
2137.5,24.6835,1.52,0.59,0.93,0.1,-21.18,5.59,42.01,7.75,,,,,,,,,,,,,,,,,,,,,,,,,,,,,,,,,,,,,,,,,
2147.5,24.752,1.51,0.5,1.01,0.09,-20.21,5.39,7.58,8.42,,,,,,,,,,,,,,,,,,,,,,,,,,,,,,,,,,,,,,,,,
2157.5,24.8225,1.43,0.54,0.89,0.09,-20.6,5.23,21.56,7.42,,,,,,,,,,,,,,,,,,,,,,,,,,,,,,,,,,,,,,,,,
2167.5,24.922,1.31,0.55,0.76,0.1,-19.91,1.63,-3.37,6.33,,,,,,,,,,,,,,,,,,,,,,,,,,,,,,,,,,,,,,,,,
2177.5,25.021,1.4,0.56,0.84,0.1,-20.08,5.2,3,7,,,,,,,,,,,,,,,,,,,,,,,,,,,,,,,,,,,,,,,,,
2187.5,25.1205,0.85,0.49,0.36,0.09,-20.31,5.34,11.1,3,,,,,,,,,,,,,,,,,,,,,,,,,,,,,,,,,,,,,,,,,
2198.5,25.23,1.23,0.54,0.69,0.09,-20.27,2.88,9.82,5.75,,,,,,,,,,,,,,,,,,,,,,,,,,,,,,,,,,,,,,,,,
2208.5,25.329,1.33,0.52,0.81,0.09,-20.69,3.23,24.71,6.75,,,,,,,,,,,,,,,,,,,,,,,,,,,,,,,,,,,,,,,,,
2218.5,25.4285,1.32,0.47,0.85,0.09,-20.21,4.63,7.34,7.08,,,,,,,,,,,,,,,,,,,,,,,,,,,,,,,,,,,,,,,,,
2228.5,25.528,1.43,0.55,0.88,0.09,-21.37,2.79,48.91,7.33,,,,,,,,,,,,,,,,,,,,,,,,,,,,,,,,,,,,,,,,,
2238.5,25.6275,1.4,0.55,0.85,0.09,-21.45,2.95,51.79,7.08,,,,,,,,,,,,,,,,,,,,,,,,,,,,,,,,,,,,,,,,,
2248.5,25.7265,1.42,0.55,0.87,0.09,-21.35,3.54,48.31,7.25,,,,,,,,,,,,,,,,,,,,,,,,,,,,,,,,,,,,,,,,,
2256.5,25.806,1.41,0.55,0.86,0.09,-21.25,5.2,44.77,7.17,,,,,,,,,,,,,,,,,,,,,,,,,,,,,,,,,,,,,,,,,
2266.5,25.9055,1.41,0.56,0.85,0.09,-21.73,2.67,61.96,7.08,,,,,,,,,,,,,,,,,,,,,,,,,,,,,,,,,,,,,,,,,
2276.5,26.005,1.47,0.6,0.87,0.1,-21.19,3.35,42.38,7.25,,,,,,,,,,,,,,,,,,,,,,,,,,,,,,,,,,,,,,,,,
2286.5,26.1045,1.3,0.6,0.7,0.1,-21.48,5.63,52.79,5.83,,,,,,,,,,,,,,,,,,,,,,,,,,,,,,,,,,,,,,,,,
