Core ID,Code,,Section,Depth (cm),sediment core depth (cm),Age (kyr BP),Age (kyr BP) B,,Mean (µm),D50 (µm),sorting,skewness,kurtosis,Clay,Silt,Sand,,,
MD18-3532,S01,,,,5.5,3.43,3.43,,3.43,9.38,1.03,0.002,2.42,13.40,86.60,0.00,,,
MD18-3532,S02,,,,7.5,3.45,3.45,,3.45,7.18,0.92,0.136,2.18,21.40,78.60,0.00,,,
MD18-3532,S03,,,,9.5,3.47,3.47,,3.47,6.23,0.97,-0.027,2.12,28.00,72.00,0.00,,,
MD18-3532,S04,,,,13.5,3.51,3.51,,3.51,7.58,0.98,0.131,2.14,20.90,79.10,0.00,,,
MD18-3532,S05,,,,17.0,3.58,3.86,,3.83,6.13,0.93,-0.025,2.14,27.70,72.30,0.00,,,
MD18-3532,S06,,,,19.0,3.64,3.92,,3.86,6.52,0.95,0.013,2.14,25.60,74.40,0.00,,,
MD18-3532,S07,,,,21.0,3.70,3.97,,3.97,6.26,0.95,-0.010,2.13,27.30,72.70,0.00,,,
MD18-3532,S08,,,,25.4,3.83,4.09,,4.07,7.19,0.93,0.121,2.16,21.60,78.40,0.00,,,
MD18-3532,S10,,,,30.0,3.98,4.23,,4.20,7.54,0.95,0.116,2.14,20.20,79.80,0.00,,,
MD18-3532,S11,,,,32.5,4.06,4.29,,4.27,7.43,0.97,0.181,2.14,21.90,78.10,0.00,,,
MD18-3532,S12,,,,35.5,4.09,4.38,,4.36,5.39,0.96,-0.115,2.16,34.30,65.70,0.00,,,
MD18-3532,S13,,,,39.0,4.27,4.50,,4.49,7.31,0.97,0.062,2.13,21.60,78.40,0.00,,,
MD18-3532,S14,,,,42.7,4.38,4.59,,4.62,6.41,0.95,0.048,2.14,26.80,73.20,0.00,,,
MD18-3532,S15,,,,45.5,4.47,4.68,,4.72,5.08,0.95,-0.122,2.16,37.30,62.70,0.00,,,
MD18-3532,S16,,,,49.2,4.58,4.80,,4.85,8.39,1.00,0.092,2.24,17.40,82.60,0.00,,,
MD18-3532,S17,,,,52.5,4.69,4.89,,4.96,5.84,0.99,-0.004,2.06,31.80,68.20,0.00,,,
MD18-3532,S18,,,,60.0,4.92,5.14,,5.18,5.54,0.97,-0.056,2.11,33.50,66.50,0.00,,,
MD18-3532,S19,,,,74.0,5.35,5.57,,5.55,5.44,0.97,-0.101,2.17,34.10,65.90,0.00,,,
MD18-3532,S20,,,,88.0,5.67,5.84,,5.82,4.60,0.98,-0.207,2.20,42.60,57.40,0.00,,,
MD18-3532,S21,,,,97.3,5.87,6.01,,6.00,6.11,0.99,-0.041,2.13,28.90,71.10,0.00,,,
MD18-3532,S22,,,,110.7,6.18,6.25,,6.25,6.00,1.00,-0.009,2.10,30.50,69.50,0.00,,,
MD18-3532,S23,,,,119.5,6.39,6.42,,6.42,6.90,0.99,0.087,2.10,24.70,75.30,0.00,,,
MD18-3532,S24,,,,130.8,6.65,6.62,,6.63,6.47,1.00,0.064,2.09,27.80,72.20,0.00,,,
MD18-3532,S25,,,,136.8,6.79,6.74,,6.74,6.25,0.91,-0.012,2.19,26.30,73.70,0.00,,,
MD18-3532,S26,,,,142.8,6.93,6.84,,6.84,7.01,1.02,0.061,2.08,24.80,75.20,0.00,,,
MD18-3532,S27,,,,154.5,7.19,7.06,,7.06,5.67,0.98,-0.041,2.11,32.50,67.50,0.00,,,
MD18-3532,S28,,,,161.0,7.34,7.24,,7.23,4.45,0.94,-0.274,2.29,43.80,56.20,0.00,,,
MD18-3532,S29,,,,167.8,7.50,7.40,,7.40,5.87,0.98,-0.077,2.11,30.80,69.20,0.00,,,
MD18-3532,S30,,,,180.2,7.77,7.73,,7.72,6.10,0.94,-0.005,2.12,28.50,71.50,0.00,,,
MD18-3532,S31,,,,190.7,8.03,7.99,,8.02,5.31,0.94,-0.152,2.20,34.50,65.50,0.00,,,
MD18-3532,S33,,,,207.5,8.40,8.46,,8.50,6.07,1.00,0.011,2.07,30.10,69.90,0.00,,,
MD18-3532,S34,,,,216.3,8.61,8.71,,8.75,5.43,0.98,-0.066,2.11,34.70,65.30,0.00,,,
MD18-3532,S35,,,,219.2,8.67,8.79,,8.79,4.89,1.00,-0.115,2.11,40.10,59.90,0.00,,,
MD18-3532,S36,,,,221.8,8.74,8.85,,8.89,5.34,1.01,-0.084,2.08,35.80,64.20,0.00,,,
MD18-3532,S37,,,,229.3,8.91,9.07,,9.08,10.05,1.22,0.034,2.11,16.10,83.90,0.00,,,
MD18-3532,S38,,,,259.1,9.77,9.84,,9.84,5.20,1.02,-0.109,2.09,37.20,62.80,0.00,,,
MD18-3532,S39,,,,284.0,10.53,10.43,,10.49,6.75,1.00,0.010,2.11,25.20,74.80,0.00,,,
MD18-3532,S40,s40,,,294.5,10.85,10.68,,10.72,4.57,0.95,-0.296,2.29,42.50,57.50,0.00,,,
MD18-3532,S41,s41,,,307.2,11.23,11.02,,11.04,3.97,0.90,-0.219,2.23,50.40,49.60,0.00,,,
MD18-3532,MD32F-57,s42,3,20,320.0,11.34,11.36,,11.37,6.62,1.58,0.191,2.63,32.50,66.60,0.90,,,
MD18-3532,S42,s43,,,340.7,11.66,11.89,,11.93,4.27,0.96,-0.219,2.21,46.50,53.50,0.00,,,
MD18-3532,MD32F-58,s44,3,45,345.0,11.77,12.03,,12.04,6.15,1.51,0.197,2.74,34.20,65.10,0.70,,,
MD18-3532,S43,s45,,,363.0,12.92,12.50,,12.50,3.80,0.90,-0.181,2.26,52.90,47.10,0.00,,,
MD18-3532,S44,s46,,,385.2,13.33,12.87,,12.87,4.53,0.97,-0.236,2.23,43.30,56.70,0.00,,,
MD18-3532,S45,s47,,,405.5,13.39,13.02,,13.03,4.03,0.91,-0.214,2.22,49.60,50.40,0.00,,,
MD18-3532,S46,s48,,,435.0,13.47,13.24,,13.25,3.96,0.94,-0.281,2.36,50.60,49.40,0.00,,,
MD18-3532,S47,s49,,,457.0,13.53,13.40,,13.40,5.30,1.02,-0.101,2.07,36.30,63.70,0.00,,,
MD18-3532,S48,s50,,,496.7,13.65,13.70,,13.70,4.28,0.94,-0.132,2.15,46.40,53.60,0.00,,,
MD18-3532,MD32F-59,s51,4,55,505.0,13.66,13.76,,13.76,6.70,1.64,0.098,2.64,32.70,65.30,2.00,,,
MD18-3532,MD32F-60,s52,4,58,508.0,13.67,13.78,,13.78,6.56,1.57,0.221,2.64,33.10,66.00,0.90,,,
MD18-3532,MD32F-61,s53,4,68,518.0,13.70,13.86,,13.86,7.27,1.68,0.106,2.60,30.60,66.70,2.70,,,
MD18-3532,MD32F-62,s54,4,70,520.0,13.70,13.88,,13.86,7.29,1.80,-0.040,2.60,30.90,64.30,4.80,,,
MD18-3532,MD32F-63,s55,4,72,522.0,13.71,13.89,,13.89,8.78,1.87,0.053,2.49,27.10,65.70,7.20,,,
MD18-3532,MD32F-64,s56,4,74,524.0,13.72,13.91,,13.90,6.85,1.70,0.008,2.69,32.20,64.60,3.20,,,
MD18-3532,S49,s57,,,525.5,13.72,13.91,,13.91,4.30,0.96,-0.188,2.30,46.10,53.90,0.00,,,
MD18-3532,MD32F-65,s58,4,76,526.0,13.72,13.92,,13.92,8.20,1.86,-0.012,2.55,28.40,65.20,6.40,,,
MD18-3532,MD32F-78,s59,4,76.5,526.5,13.73,13.93,,13.92,8.42,1.95,-0.081,2.43,27.20,62.20,10.60,,,
MD18-3532,MD32F-66,s60,4,78,528.0,13.73,13.94,,13.93,7.18,1.57,0.269,2.70,30.30,68.40,1.30,,,
MD18-3532,S50,s61,,,531.0,13.74,13.96,,13.95,4.58,0.97,-0.238,2.23,42.70,57.30,0.00,,,
MD18-3532,MD32F-67,s62,4,82,532.0,13.74,13.97,,13.96,8.63,1.88,-0.008,2.57,27.10,65.20,7.70,,,
MD18-3532,S51,s63,,,534.2,13.75,13.98,,13.98,7.72,1.05,0.093,2.16,22.00,78.00,0.00,,,
MD18-3532,S52,s64,,,555.4,13.87,14.14,,14.14,5.04,1.01,-0.176,2.11,38.40,61.60,0.00,,,
MD18-3532,S53,s65,,,561.0,13.96,14.19,,14.18,4.14,0.92,-0.193,2.24,48.10,51.90,0.00,,,
MD18-3532,S54,s66,,,575.0,14.17,14.31,,14.30,4.20,0.91,-0.167,2.18,47.30,52.70,0.00,,,
MD18-3532,S55,s67,,,582.2,14.25,14.37,,14.36,4.53,1.00,-0.166,2.15,43.70,56.30,0.00,,,
MD18-3532,S56,s68,,,596.3,14.38,14.48,,14.47,5.06,1.03,-0.149,2.09,38.50,61.50,0.00,,,
MD18-3532,S57,s69,,,605.0,14.45,14.55,,14.54,5.49,1.02,-0.052,2.06,35.00,65.00,0.00,,,
MD18-3532,S58,s70,,,617.8,14.54,14.65,,14.64,4.80,1.03,-0.136,2.12,41.20,58.80,0.00,,,
MD18-3532,S59,s71,,,625.0,14.60,14.72,,14.70,7.22,1.02,0.120,2.06,24.30,75.70,0.00,,,
MD18-3532,S60,s72,,,644.0,14.73,14.87,,14.85,5.20,1.03,-0.084,2.09,37.40,62.60,0.00,,,
MD18-3532,S61,s73,,,673.7,14.92,15.11,,15.09,4.55,0.93,-0.155,2.18,43.00,57.00,0.00,,,
MD18-3532,S62,s74,,,695.3,15.07,15.29,,15.27,5.67,1.00,-0.015,2.12,33.10,66.90,0.00,,,
MD18-3532,S63,s75,,,698.6,15.09,15.31,,15.29,5.69,1.01,-0.035,2.04,33.00,67.00,0.00,,,
MD18-3532,S64,s76,,,722.0,15.26,15.50,,15.49,5.85,1.06,0.004,2.02,33.10,66.90,0.00,,,
MD18-3532,S65,s77,,,726.5,15.29,15.53,,15.53,6.10,1.00,-0.018,2.12,29.40,70.60,0.00,,,
MD18-3532,S66,s78,,,746.5,15.43,15.69,,15.69,6.57,0.94,0.042,2.14,25.30,74.70,0.00,,,
MD18-3532,S67,s79,,,756.0,15.49,15.77,,15.77,8.10,1.12,0.000,2.17,21.40,78.60,0.00,,,
MD18-3532,S68,s80,,,762.5,15.53,15.82,,15.83,7.03,1.14,0.011,1.94,27.50,72.50,0.00,,,
MD18-3532,S69,s81,,,795.7,15.77,16.10,,16.10,4.74,1.04,-0.173,2.02,41.80,58.20,0.00,,,
MD18-3532,S70,s82,,,827.8,16.02,16.36,,16.36,8.95,1.23,0.031,2.07,21.00,79.00,0.00,,,
MD18-3532,S71,s83,,,831.4,16.05,16.39,,16.39,5.11,1.03,-0.187,2.06,37.70,62.30,0.00,,,
MD18-3532,MD32F-68,s84,6,90,840.0,16.16,16.46,,16.46,36.77,1.84,0.939,3.20,10.50,61.70,27.80,,,
MD18-3532,MD32F-69,s85,6,97,847.0,16.24,16.52,,16.51,49.07,1.86,1.066,3.51,8.63,51.97,39.40,,,
MD18-3532,S72,s86,,,852.2,16.31,16.56,,16.56,46.58,1.36,0.729,3.02,2.12,63.78,34.10,,,
MD18-3532,S73,s87,,,856.5,16.37,16.59,,16.59,46.39,0.96,0.800,3.61,0.11,71.79,28.10,,,
MD18-3532,MD32F-70,s88,6,108,858.0,16.40,16.61,,16.60,56.32,1.23,1.754,7.43,2.19,55.41,42.40,,,
MD18-3532,MD32F-71,s89,6,110,860.0,16.43,16.63,,16.62,14.00,1.94,0.337,2.33,18.10,66.40,15.50,,,
MD18-3532,S74,s90,,,862.3,16.46,16.64,,16.64,6.88,1.09,0.058,2.00,27.70,72.30,0.00,,,
MD18-3532,MD32F-77,s91,6,115,865.0,16.50,16.67,,16.66,6.91,1.61,0.163,2.90,25.50,71.70,2.80,,0.01,
MD18-3532,S75,s92,,,877.3,16.62,16.76,,16.75,8.41,1.24,0.161,1.85,25.70,74.30,0.00,,,
MD18-3532,S76,s93,,,897.2,16.82,16.89,,16.88,32.93,1.71,0.539,2.17,10.90,65.70,23.40,,,
MD18-3532,S77,s94,,,915.5,16.93,17.01,,17.01,30.33,1.38,0.764,2.89,6.52,81.38,12.10,,,
MD18-3532,S78,s95,,,927.5,16.99,17.09,,17.09,14.78,1.19,0.404,2.27,9.63,90.35,0.02,,,
MD18-3532,MD32F-72,s96,7,30,930.0,17.01,17.11,,17.10,51.22,1.28,1.741,6.97,2.94,61.36,35.70,,,
MD18-3532,S79,s97,,,934.5,17.03,17.13,,17.13,44.58,0.95,0.859,3.66,0.16,74.74,25.10,,,
MD18-3532,MD32F-73,s98,7,37,937.0,17.05,17.15,,17.15,8.20,1.61,0.170,2.87,25.70,72.00,2.30,,,
MD18-3532,MD32F-74,s99,7,38,938.0,17.05,17.16,,17.15,8.34,1.65,0.248,2.73,27.30,70.80,1.90,,,
MD18-3532,S80,s100,,,939.5,17.06,17.16,,17.16,5.56,1.00,-0.011,2.13,33.90,66.10,0.00,,,
MD18-3532,MD32F-75,s101,7,42,942.0,17.07,17.18,,17.18,9.15,1.63,0.268,2.99,24.10,73.20,2.70,,,
MD18-3532,S81,s102,,,956.1,17.14,17.28,,17.28,5.72,0.97,-0.074,2.12,31.50,68.50,0.00,,,
MD18-3532,S82,s103,,,969.7,17.22,17.36,,17.35,5.71,1.03,-0.051,1.99,33.10,66.90,0.00,,,
MD18-3532,S83,s104,,,974.3,17.26,17.40,,17.39,5.45,0.99,-0.134,2.10,34.00,66.00,0.00,,,
MD18-3532,S84,s105,,,995.7,17.44,17.53,,17.53,4.03,0.96,-0.264,2.22,49.60,50.40,0.00,,,
MD18-3532,S85,s106,,,1016.0,17.56,17.66,,17.64,7.56,1.07,0.048,2.05,22.90,77.10,0.00,,,
MD18-3532,S86,s107,,,1032.3,17.66,17.75,,17.74,3.76,0.94,-0.256,2.18,53.20,46.80,0.00,,,
MD18-3532,S87,s108,,,1043.9,17.73,17.81,,17.80,6.70,1.02,-0.025,2.12,25.70,74.30,0.00,,,
MD18-3532,S88,s109,,,1052.5,17.77,17.85,,17.85,10.94,1.31,0.154,1.92,18.20,81.80,0.00,,,
MD18-3532,S89,s110,,,1057.3,17.80,17.88,,17.88,3.49,0.90,-0.198,2.17,57.30,42.70,0.00,,,
MD18-3532,S90,s111,,,1063.0,17.83,17.92,,17.90,5.94,1.07,-0.029,1.95,32.70,67.30,0.00,,,
MD18-3532,S91,s112,,,1111.5,18.04,18.18,,18.17,5.08,1.02,-0.124,2.01,38.40,61.60,0.00,,,
MD18-3532,MD32F-76,s113,8,68,1118.0,18.07,18.22,,18.21,8.36,1.57,0.235,2.91,25.50,72.70,1.80,,,
MD18-3532,S92,s114,,,1122.8,18.09,18.24,,18.23,6.06,1.07,0.019,1.97,32.10,67.90,0.00,,,
MD18-3532,S93,s115,,,1136.3,18.14,18.32,,18.31,5.58,1.02,-0.081,2.10,34.00,66.00,0.00,,,
MD18-3532,S94,s116,,,1148.5,18.19,18.38,,18.38,6.88,1.19,0.085,1.80,30.40,69.60,0.00,,,
MD18-3532,S95,s117,,,1160.0,18.25,18.45,,18.44,7.79,1.05,0.122,2.08,22.20,77.80,0.00,,,
MD18-3532,S96,s118,,,1179.5,18.32,18.56,,18.54,5.58,1.05,-0.065,1.98,34.40,65.60,0.00,,,
MD18-3532,S97,s119,,,1195.0,18.39,18.64,,18.63,2.47,0.83,0.177,2.29,76.70,23.30,0.00,,,
MD18-3532,MD32F-1,s120,9,5,1205.0,18.43,18.70,,18.69,11.06,2.05,-0.033,2.43,21.20,62.60,16.20,,,
MD18-3532,MD32F-2,s121,9,25,1225.0,18.53,18.81,,18.80,8.58,1.75,0.151,2.63,26.70,69.30,4.00,,,
MD18-3532,MD32F-3,s122,9,45,1245.0,18.64,18.92,,18.91,10.18,1.88,0.066,2.62,23.50,67.90,8.60,,,
MD18-3532,MD32F-4,s123,9,65,1265.0,18.76,19.03,,19.02,10.66,1.98,0.044,2.48,23.80,65.30,10.90,,,
MD18-3532,MD32F-5,s124,9,85,1285.0,18.87,19.14,,19.14,7.82,1.72,0.049,2.74,28.40,67.60,4.00,,,
MD18-3532,MD32F-6,s125,9,105,1305.0,19.04,19.26,,19.26,10.31,1.75,0.220,2.74,22.30,72.40,5.30,,,
MD18-3532,MD32F-7,s126,9,125,1325.0,19.20,19.39,,19.38,7.93,1.61,0.244,2.77,27.60,70.50,1.90,,,
MD18-3532,MD32F-8,s127,9,145,1345.0,19.33,19.51,,19.51,15.24,2.06,0.292,2.31,19.20,62.40,18.40,,,
MD18-3532,MD32F-9,s128,10,15,1365.0,19.43,19.63,,19.63,8.59,1.68,0.155,2.80,25.20,71.30,3.50,,,
MD18-3532,MD32F-10,s129,10,35,1385.0,19.53,19.75,,19.75,16.51,2.01,0.354,2.35,17.80,63.50,18.70,,,
MD18-3532,MD32F-11,s130,10,55,1405.0,19.63,19.88,,19.88,11.86,1.77,0.306,2.62,19.00,72.80,8.20,,,
MD18-3532,MD32F-12,s131,10,75,1425.0,19.73,20.00,,20.00,7.77,1.57,0.365,2.62,28.70,70.80,0.50,,,
MD18-3532,MD32F-13,s132,10,95,1445.0,19.83,20.13,,20.13,41.64,1.89,0.929,3.16,10.10,56.60,33.30,,,
MD18-3532,MD32F-14,s133,10,115,1465.0,19.93,20.25,,20.25,10.91,1.90,0.186,2.46,22.90,67.70,9.40,,,
MD18-3532,MD32F-15,s134,10,135,1485.0,20.04,20.38,,20.38,11.08,1.90,0.225,2.46,23.20,68.60,8.20,,,
MD18-3532,MD32F-16,s135,11,5,1505.0,20.16,20.50,,20.50,10.50,1.89,0.123,2.51,23.30,67.50,9.20,,,
MD18-3532,MD32F-17,s136,11,25,1525.0,20.30,20.62,,20.62,9.74,1.89,0.129,2.45,24.90,67.00,8.10,,,
MD18-3532,MD32F-18,s137,11,45,1545.0,20.45,20.74,,20.74,8.09,1.67,0.114,2.90,26.90,70.20,2.90,,,
MD18-3532,MD32F-19,s138,11,65,1565.0,20.60,20.88,,20.88,7.81,1.70,0.036,2.78,27.60,68.20,4.20,,,
MD18-3532,MD32F-20,s139,11,85,1585.0,20.77,21.01,,21.01,8.17,1.75,0.130,2.59,28.00,68.10,3.90,,,
MD18-3532,MD32F-21,s140,11,105,1605.0,20.93,21.14,,21.14,6.33,1.51,0.316,2.58,33.90,65.90,0.20,,,
MD18-3532,MD32F-22,s141,11,125,1625.0,21.06,21.27,,21.27,9.01,1.80,0.151,2.54,26.10,68.90,5.00,,,
MD18-3532,MD32F-23,s142,11,145,1645.0,21.18,21.41,,21.41,10.18,1.97,0.015,2.46,23.00,64.40,12.60,,,
MD18-3532,MD32F-24,s143,12,15,1665.0,21.29,21.54,,21.54,9.21,1.85,0.137,2.48,26.20,68.00,5.80,,,
MD18-3532,MD32F-25,s144,12,35,1685.0,21.40,21.67,,21.67,8.89,1.77,0.026,2.77,24.80,69.00,6.20,,,
MD18-3532,MD32F-26,s145,12,55,1705.0,21.51,21.81,,21.81,22.31,2.03,0.520,2.45,15.50,60.90,23.60,,,
MD18-3532,MD32F-27,s146,12,75,1725.0,21.62,21.94,,21.94,5.69,1.72,-0.073,2.55,37.90,59.50,2.60,,,
MD18-3532,MD32F-28,s147,12,95,1745.0,21.74,22.07,,22.07,9.85,1.88,0.097,2.49,23.70,66.30,10.00,,,
MD18-3532,MD32F-29,s148,12,115,1765.0,21.86,22.20,,22.20,7.01,1.58,0.495,2.30,33.50,66.50,0.00,,,
MD18-3532,MD32F-30,s149,12,135,1785.0,21.98,22.34,,22.34,7.23,1.63,0.192,2.63,30.40,68.00,1.60,,,
MD18-3532,MD32F-31,s150,13,5,1805.0,22.13,22.47,,22.47,61.25,1.24,1.826,7.77,2.15,49.75,48.10,,,
MD18-3532,MD32F-32,s151,13,25,1825.0,22.30,22.60,,22.60,6.91,1.56,0.258,2.67,31.30,67.90,0.80,,,
MD18-3532,MD32F-33,s152,13,45,1845.0,22.45,22.74,,22.74,7.88,1.66,0.100,2.78,27.40,69.10,3.50,,,
MD18-3532,MD32F-34,s153,13,65,1865.0,22.52,22.87,,22.87,8.23,1.77,0.090,2.59,27.90,68.00,4.10,,,
MD18-3532,MD32F-35,s154,13,85,1885.0,22.60,23.01,,23.01,9.97,1.98,0.027,2.41,24.40,63.90,11.70,,,
MD18-3532,MD32F-36,s155,13,105,1905.0,22.68,23.15,,23.15,8.18,1.73,0.057,2.77,27.10,68.50,4.40,,,
MD18-3532,MD32F-37,s156,13,125,1925.0,22.76,23.29,,23.29,9.46,1.89,0.069,2.49,25.00,66.20,8.80,,,
MD18-3532,MD32F-38,s157,13,145,1945.0,22.83,23.42,,23.42,36.86,2.07,0.572,2.43,11.60,52.00,36.40,,,
MD18-3532,MD32F-39,s158,14,15,1965.0,22.96,23.58,,23.58,7.38,1.62,0.155,2.78,29.20,68.40,2.40,,,
MD18-3532,MD32F-40,s159,14,35,1985.0,23.28,23.78,,23.78,28.11,1.84,0.810,2.96,12.80,68.80,18.40,,,
MD18-3532,MD32F-41,s160,14,55,2005.0,23.49,23.98,,23.98,6.95,1.72,-0.005,2.62,31.50,64.80,3.70,,,
MD18-3532,MD32F-42,s161,14,75,2025.0,23.66,24.18,,24.18,15.49,2.00,0.365,2.34,18.50,64.50,17.00,,,
MD18-3532,MD32F-43,s162,14,95,2045.0,23.85,24.38,,24.38,9.68,1.83,0.186,2.50,24.80,69.60,5.60,,,
MD18-3532,MD32F-44,s163,14,115,2065.0,24.11,24.58,,24.58,7.87,1.68,0.143,2.69,28.10,68.90,3.00,,,
MD18-3532,MD32F-45,s164,14,135,2085.0,24.38,24.78,,24.78,8.52,1.66,0.082,2.98,24.50,71.60,3.90,,,
MD18-3532,MD32F-46,s165,15,5,2105.0,24.49,25.00,,25.00,6.95,1.59,0.090,2.87,30.30,67.20,2.50,,,
MD18-3532,MD32F-47,s166,15,25,2125.0,24.61,25.22,,25.22,7.05,1.70,-0.003,2.74,30.80,65.20,4.00,,,
MD18-3532,MD32F-48,s167,15,45,2145.0,24.75,25.44,,25.44,8.19,1.76,0.136,2.57,28.00,68.70,3.30,,,
MD18-3532,MD32F-49,s168,15,65,2165.0,24.91,25.63,,25.63,23.07,1.91,0.640,2.66,15.10,68.30,16.60,,,
MD18-3532,MD32F-50,s169,15,85,2185.0,25.10,25.83,,25.83,11.70,1.88,0.262,2.46,22.00,69.50,8.50,,,
MD18-3532,MD32F-51,s170,15,105,2205.0,25.30,26.04,,26.04,8.43,1.80,0.043,2.58,27.10,67.10,5.80,,,
MD18-3532,MD32F-52,s171,15,125,2225.0,25.50,26.25,,26.25,5.40,1.59,-0.007,2.71,39.10,59.60,1.30,,,
MD18-3532,MD32F-53,s172,15,145,2245.0,25.70,26.46,,26.46,7.38,1.73,0.008,2.75,29.90,66.30,3.80,,,
MD18-3532,MD32F-54,s173,16,15,2265.0,25.90,26.66,,26.66,7.28,1.71,0.056,2.66,30.50,66.10,3.40,,,
MD18-3532,MD32F-55,s174,16,35,2285.0,26.10,26.87,,26.87,11.82,1.99,0.242,2.27,22.50,66.00,11.50,,,
MD18-3532,MD32F-56,s175,16,40,2305.0,26.30,27.08,,27.08,63.44,1.59,1.472,5.35,4.38,45.22,50.40,,,
